"city","garden_code","year","round","plot_index","mean_vegetation_height_cm_1x1","no_flowering_species_round","sand_cover_20x20","baresoil_cover_20x20","mean_total_flower_1x1","ratio_c_w_spp_round","total_no_treeshrub_indiv_20x20_buffer","total_no_treeshrub_species_20x20_buffer","mean_cover_canopy_perc","garden_area","impervious_1000"
"Berlin","AKT",2021,1,"AKT_2021_1",45.875,8,0,20,249.875,0.652173913,63,24,14.16666667,8084.25,28.52
"Berlin","AKT",2021,2,"AKT_2021_2",43.125,10,2,12,15.75,1.125,65,29,12.91666667,8084.25,28.52
"Berlin","AKT",2021,3,"AKT_2021_3",81.125,23,0,7,283.875,0.41025641,57,29,17.91666667,8084.25,28.52
"Berlin","AKT",2021,4,"AKT_2021_4",77.25,11,1,5,539.25,0.48,79,34,18.125,8084.25,28.52
"Munich","ES",2021,1,"ES_2021_1",10.875,2,0,52,0.375,2.25,55,14,19.58333333,636.03,51.43
"Munich","ES",2021,2,"ES_2021_2",40.875,6,0,41,29.125,1.5,77,18,37.08333333,636.03,51.43
"Munich","ES",2021,3,"ES_2021_3",85.85714286,20,0,30,162.875,1.722222222,78,19,27.70833333,636.03,51.43
"Munich","ES",2021,4,"ES_2021_4",71.75,16,0,28,152.5,1.04,79,19,24.16666667,636.03,51.43
"Munich","FG",2021,1,"FG_2021_1",9.375,4,4,35,17.125,0,241,8,0,901.38,34.39
"Munich","FG",2021,2,"FG_2021_2",38.875,8,4,35,18.875,0.375,265,14,0,901.38,34.39
"Munich","FG",2021,3,"FG_2021_3",60.5,16,5,10,306,1.260869565,269,18,0.416666667,901.38,34.39
"Munich","FG",2021,4,"FG_2021_4",63.14285714,25,3,20,2976.125,1.576923077,292,21,2.291666667,901.38,34.39
"Berlin","GASTS",2021,1,"GASTS_2021_1",25.5,14,0,18,60.75,0.366666667,45,7,8.333333333,23924.91,32.72
"Berlin","GASTS",2021,2,"GASTS_2021_2",71.125,17,0,3,57.75,0.769230769,82,10,2.708333333,23924.91,32.72
"Berlin","GASTS",2021,3,"GASTS_2021_3",80.125,20,0,2,67.625,0.4,71,11,5.416666667,23924.91,32.72
"Berlin","GASTS",2021,4,"GASTS_2021_4",57.375,10,0,5,248,0.318181818,62,11,3.75,23924.91,32.72
"Berlin","GDB",2021,1,"GDB_2021_1",28.625,7,20,30,477.125,3.142857143,53,24,27.5,3843.48,29.59
"Berlin","GDB",2021,2,"GDB_2021_2",43.125,7,5,15,27.75,1,54,32,40.41666667,3843.48,29.59
"Berlin","GDB",2021,3,"GDB_2021_3",55,10,5,20,36.375,1.428571429,44,33,45.625,3843.48,29.59
"Berlin","GDB",2021,4,"GDB_2021_4",67.625,17,5,15,157.25,1.095238095,64,38,26.66666667,3843.48,29.59
"Munich","GG",2021,1,"GG_2021_1",17.125,3,1,15,28.25,0.714285714,27,9,30.20833333,400,60.24
"Munich","GG",2021,2,"GG_2021_2",42,6,0,12,60.75,1.142857143,35,12,46.875,400,60.24
"Munich","GG",2021,3,"GG_2021_3",59,7,0,10,35.875,0.44,48,14,54.58333333,400,60.24
"Munich","GG",2021,4,"GG_2021_4",26.875,12,0,5,209.875,0.666666667,55,14,46.875,400,60.24
"Munich","GP",2021,1,"GP_2021_1",35.25,10,0,15,277.125,0.827586207,150,13,22.8125,787.57,55.53
"Munich","GP",2021,2,"GP_2021_2",74,7,0,15,18.875,1.894736842,155,16,5.208333333,787.57,55.53
"Munich","GP",2021,3,"GP_2021_3",113.375,17,0,15,69.25,1.111111111,174,19,38.33333333,787.57,55.53
"Munich","GP",2021,4,"GP_2021_4",80.875,12,1,5,173.625,0.916666667,204,23,26.875,787.57,55.53
"Berlin","HB",2021,1,"HB_2021_1",73.5,4,10,40,138.625,0.904761905,51,20,25,1685.64,58.45
"Berlin","HB",2021,2,"HB_2021_2",77.5,5,15,20,26.75,0.740740741,42,23,25.20833333,1685.64,58.45
"Berlin","HB",2021,3,"HB_2021_3",87.5,14,40,5,82.875,0.846153846,40,23,27.91666667,1685.64,58.45
"Berlin","HB",2021,4,"HB_2021_4",40.5,9,30,20,168.125,0.615384615,46,24,30.41666667,1685.64,58.45
"Munich","IGF",2021,1,"IGF_2021_1",43.75,6,0,30,24.5,0.571428571,34,17,36.875,851.22,67.13
"Munich","IGF",2021,2,"IGF_2021_2",78.25,5,2,20,5.125,0.785714286,48,23,44.58333333,851.22,67.13
"Munich","IGF",2021,3,"IGF_2021_3",94.75,16,5,10,58.375,0.742857143,77,34,39.79166667,851.22,67.13
"Munich","IGF",2021,4,"IGF_2021_4",77,17,4,10,187.75,0.810810811,92,38,43.54166667,851.22,67.13
"Berlin","KF",2021,1,"KF_2021_1",57,6,0,10,48.5,0.425,59,23,0,8738.35,23.85
"Berlin","KF",2021,3,"KF_2021_3",127.375,22,0,6,219,0.964285714,119,28,2.5,8738.35,23.85
"Berlin","KF",2021,4,"KF_2021_4",90.25,19,0,8,416,0.4,126,35,11.04166667,8738.35,23.85
"Munich","KG",2021,2,"KG_2021_2",47.125,11,0,25,99.125,0.238095238,91,15,1.875,549.83,9.57
"Munich","KG",2021,3,"KG_2021_3",37.625,10,0,8,36.875,0.3,88,17,0.625,549.83,9.57
"Munich","KG",2021,4,"KG_2021_4",108,12,0,8,2306.125,0.461538462,97,19,2.708333333,549.83,9.57
"Berlin","KLG",2021,2,"KLG_2021_2",67.5,7,0,3,41,0.833333333,31,26,0,1560.61,96.16
"Berlin","KLG",2021,3,"KLG_2021_3",27.875,7,0,2,38.75,1.666666667,28,26,0,1560.61,96.16
"Berlin","KLG",2021,4,"KLG_2021_4",62.125,7,0,1,327.875,1.176470588,38,27,0,1560.61,96.16
"Munich","KP",2021,1,"KP_2021_1",35,6,1,7,30.75,0.307692308,23,5,4.375,2951.93,17.05
"Munich","KP",2021,2,"KP_2021_2",83.625,8,0,8,7.5,0.35,52,20,10.20833333,2951.93,17.05
"Munich","KP",2021,3,"KP_2021_3",48.75,4,0,10,553.75,0.6,77,26,13.95833333,2951.93,17.05
"Munich","KP",2021,4,"KP_2021_4",56.75,8,0,4,156.75,0.571428571,128,27,18.33333333,2951.93,17.05
"Munich","OB",2021,1,"OB_2021_1",33.125,1,0,14,0.5,0.05,41,9,11.04166667,2853.64,36.75
"Munich","OB",2021,2,"OB_2021_2",39.25,5,5,5,32.375,0.035714286,68,12,20.20833333,2853.64,36.75
"Munich","OB",2021,3,"OB_2021_3",63.125,11,5,10,327.375,0.111111111,69,13,18.95833333,2853.64,36.75
"Munich","OB",2021,4,"OB_2021_4",40.375,12,5,10,98.375,0.131578947,77,16,12.08333333,2853.64,36.75
"Munich","OBZ",2021,1,"OBZ_2021_1",49.125,11,0,10,855.75,0.741935484,110,18,25.41666667,800.55,37.2
"Munich","OBZ",2021,2,"OBZ_2021_2",73.375,13,0,8,280.25,1.153846154,108,17,37.08333333,800.55,37.2
"Munich","OBZ",2021,3,"OBZ_2021_3",114.5,16,0,7,720,1.2,123,26,23.125,800.55,37.2
"Munich","OBZ",2021,4,"OBZ_2021_4",129,7,0,5,268.375,1.388888889,149,27,45.83333333,800.55,37.2
"Munich","OPI",2021,1,"OPI_2021_1",7.25,1,5,10,0.375,0.5,27,12,62.29166667,1027.96,44.43
"Munich","OPI",2021,2,"OPI_2021_2",27,6,7,10,38.125,0.315789474,68,17,72.29166667,1027.96,44.43
"Munich","OPI",2021,3,"OPI_2021_3",19.375,4,10,10,10.625,0.357142857,72,17,60.83333333,1027.96,44.43
"Munich","OPI",2021,4,"OPI_2021_4",30.875,6,0,7,163.25,0.5,82,18,71.66666667,1027.96,44.43
"Munich","PAS",2021,1,"PAS_2021_1",11.5,6,0,15,5.625,0.153846154,17,5,17.70833333,400,79.47
"Munich","PAS",2021,2,"PAS_2021_2",11.375,6,1,11,325.75,0,19,6,19.58333333,400,79.47
"Munich","PAS",2021,3,"PAS_2021_3",15,8,2,8,234.125,0,24,6,23.54166667,400,79.47
"Munich","PAS",2021,4,"PAS_2021_4",19.75,8,0,15,8.875,0.275862069,27,8,30.41666667,400,79.47
"Berlin","PGK",2021,1,"PGK_2021_1",43.375,8,0,8,27.25,0.32,38,13,37.5,1517,20.88
"Berlin","PGK",2021,2,"PGK_2021_2",60.75,5,0,10,10.25,0.555555556,59,30,31.04166667,1517,20.88
"Berlin","PGK",2021,3,"PGK_2021_3",100.5,8,0,6,28.125,0.5,54,34,37.29166667,1517,20.88
"Berlin","PGK",2021,4,"PGK_2021_4",56.375,7,0,12,289.125,0.764705882,72,37,45.20833333,1517,20.88
"Berlin","POL",2021,1,"POL_2021_1",79,11,0,15,211.625,0.52173913,85,31,5.833333333,3900.41,38.61
"Berlin","POL",2021,3,"POL_2021_3",79.375,10,1,4,90.125,1.25,68,35,24.375,3900.41,38.61
"Berlin","POL",2021,4,"POL_2021_4",128.625,19,0,5,75,0.833333333,90,36,23.95833333,3900.41,38.61
"Berlin","PWVK",2021,1,"PWVK_2021_1",61.5,8,0,35,65.875,0.727272727,81,25,27.5,1469.39,63.42
"Berlin","PWVK",2021,2,"PWVK_2021_2",41.625,12,2,20,69.125,0.296296296,75,27,52.70833333,1469.39,63.42
"Berlin","PWVK",2021,3,"PWVK_2021_3",78.5,9,2,15,174.625,0.652173913,70,28,40.41666667,1469.39,63.42
"Berlin","PWVK",2021,4,"PWVK_2021_4",55,7,5,10,212.375,0.785714286,88,29,38.75,1469.39,63.42
"Berlin","RB",2021,1,"RB_2021_1",20.5,4,2,15,1.75,0.5,55,19,51.66666667,557.02,45.58
"Berlin","RB",2021,2,"RB_2021_2",29.77777778,4,4,8,63,1.714285714,41,21,24.16666667,557.02,45.58
"Berlin","RB",2021,3,"RB_2021_3",50.75,6,2,10,16.875,0.148148148,34,21,45.625,557.02,45.58
"Berlin","RB",2021,4,"RB_2021_4",35,6,2,5,45.125,0.461538462,41,21,40.20833333,557.02,45.58
"Munich","SA",2021,1,"SA_2021_1",27.375,9,0,10,42.75,0.5,60,24,13.125,1203.02,49.49
"Munich","SA",2021,2,"SA_2021_2",65.375,16,0,10,24.25,1,67,28,10.83333333,1203.02,49.49
"Munich","SA",2021,3,"SA_2021_3",95,15,0,10,132.75,0.55,67,29,16.875,1203.02,49.49
"Munich","SA",2021,4,"SA_2021_4",70.75,11,0,4,3106.125,0.555555556,168,32,15.20833333,1203.02,49.49
"Berlin","SCH",2021,1,"SCH_2021_1",60.5,6,0,35,13.75,1.266666667,72,24,66.66666667,432.72,24.45
"Berlin","SCH",2021,2,"SCH_2021_2",48.125,4,0,25,27.75,0.782608696,75,27,49.16666667,432.72,24.45
"Berlin","SCH",2021,3,"SCH_2021_3",63.375,9,0,15,17.625,0.823529412,67,28,57.08333333,432.72,24.45
"Berlin","SCH",2021,4,"SCH_2021_4",66.75,4,0,35,97.25,0.47826087,95,33,68.95833333,432.72,24.45
"Berlin","SFM",2021,1,"SFM_2021_1",53.875,14,0,30,131.875,0.512820513,111,16,7.5,676.78,27.82
"Berlin","SFM",2021,2,"SFM_2021_2",62.625,17,5,20,49.625,1.125,130,22,6.875,676.78,27.82
"Berlin","SFM",2021,3,"SFM_2021_3",106,30,5,10,387.625,0.488888889,132,27,16.66666667,676.78,27.82
"Berlin","SFM",2021,4,"SFM_2021_4",76.28571429,28,0,20,247.75,0.574468085,133,35,2.5,676.78,27.82
"Munich","SG",2021,1,"SG_2021_1",47,10,0,8,68.875,0.633333333,23,11,5.208333333,946.47,63.95
"Munich","SG",2021,2,"SG_2021_2",58.75,11,0,11,608.625,0.464285714,39,16,21.45833333,946.47,63.95
"Munich","SG",2021,3,"SG_2021_3",72.5,19,0,15,1650,1.173913043,134,24,25,946.47,63.95
"Munich","SG",2021,4,"SG_2021_4",79.375,21,0,6,396.75,0.5,148,28,43.54166667,946.47,63.95
"Munich","SS",2021,1,"SS_2021_1",33.875,10,1,25,59.25,0.9,52,13,0,1433.52,25.32
"Munich","SS",2021,2,"SS_2021_2",65.875,13,0,9,265.125,1.230769231,68,21,1.041666667,1433.52,25.32
"Munich","SS",2021,3,"SS_2021_3",65.5,14,0,10,19.875,0.55,84,23,1.25,1433.52,25.32
"Munich","SS",2021,4,"SS_2021_4",79.5,11,0,15,27.625,0.708333333,151,28,2.291666667,1433.52,25.32
"Berlin","VG",2021,1,"VG_2021_1",19.75,5,0,15,8.25,0.434782609,37,28,0,1134.21,90.32
"Berlin","VG",2021,2,"VG_2021_2",17.5,1,0,7,4,0.833333333,44,33,4.166666667,1134.21,90.32
"Berlin","VG",2021,3,"VG_2021_3",27,10,3,3,61.125,0.428571429,38,34,6.25,1134.21,90.32
"Berlin","VG",2021,4,"VG_2021_4",27.375,9,0,3,56.5,0.863636364,52,37,1.875,1134.21,90.32
"Munich","WG",2021,2,"WG_2021_2",23.125,1,0,10,29.375,0.222222222,57,23,22.08333333,2916.21,70.68
"Munich","WG",2021,3,"WG_2021_3",41.875,3,0,10,38.125,0.363636364,64,26,4.583333333,2916.21,70.68
"Munich","WG",2021,4,"WG_2021_4",10.375,2,0,5,5.875,0.090909091,104,32,15,2916.21,70.68
"Berlin","WL",2021,1,"WL_2021_1",67.375,13,0,10,279,0.358974359,122,33,55,1493.21,55.67
"Berlin","WL",2021,2,"WL_2021_2",77.25,2,0,5,17.75,0.5,109,39,41.25,1493.21,55.67
"Berlin","WL",2021,3,"WL_2021_3",96.5,11,0,8,148.875,0.088888889,103,40,53.54166667,1493.21,55.67
"Berlin","WL",2021,4,"WL_2021_4",96.14285714,12,1,4,54.375,0.4,132,45,64.375,1493.21,55.67
"Berlin","WS",2021,1,"WS_2021_1",22.625,7,3,50,25.125,0.272727273,82,28,4.166666667,6530.69,49.43
"Berlin","WS",2021,2,"WS_2021_2",40.375,6,10,40,9.5,0.736842105,78,39,6.458333333,6530.69,49.43
"Berlin","WS",2021,3,"WS_2021_3",60.875,18,10,35,183.75,0.714285714,78,41,12.70833333,6530.69,49.43
"Berlin","WS",2021,4,"WS_2021_4",81.625,16,8,10,96.625,0.692307692,100,45,11.45833333,6530.69,49.43
"Berlin","AKT",2022,1,"AKT_2022_1",17.375,1,10,40,0.08,0.357142857,102,36,1.041666667,8084.25,28.52
"Berlin","AKT",2022,2,"AKT_2022_2",42.5,4,5,22,3.048780488,0.476190476,29,8,20.83333333,8084.25,28.52
"Berlin","AKT",2022,3,"AKT_2022_3",95.5,8,10,15,18.19230769,0.777777778,38,9,27.5,8084.25,28.52
"Berlin","AKT",2022,4,"AKT_2022_4",85,23,10,5,36.57534247,0.772727273,105,42,15,8084.25,28.52
"Munich","ES",2022,1,"ES_2022_1",3,3,0,80,1.666666667,0.214285714,66,16,6.875,636.03,51.43
"Munich","ES",2022,2,"ES_2022_2",22.75,10,0,50,4.907407407,0.5,17,1,12.91666667,636.03,51.43
"Munich","ES",2022,3,"ES_2022_3",37.25,6,0,15,0.727272727,1.2,23,7,34.375,636.03,51.43
"Munich","ES",2022,4,"ES_2022_4",108,11,0,10,12.70769231,1.384615385,4,2,17.91666667,636.03,51.43
"Munich","FG",2022,1,"FG_2022_1",5,4,2,40,0.692307692,0.266666667,290,15,3.75,901.38,34.39
"Munich","FG",2022,2,"FG_2022_2",13.75,3,3,30,5.092307692,0.428571429,7,6,0,901.38,34.39
"Munich","FG",2022,3,"FG_2022_3",19.28571429,6,2,21,52.33333333,0.538461538,14,5,2.708333333,901.38,34.39
"Munich","FG",2022,4,"FG_2022_4",68.125,15,3,15,80,0.954545455,9,3,2.5,901.38,34.39
"Berlin","GASTS",2022,1,"GASTS_2022_1",12.875,5,2,30,1.35483871,0.611111111,144,10,11.04166667,23924.91,32.72
"Berlin","GASTS",2022,2,"GASTS_2022_2",26,16,0,6,3.260273973,0.333333333,139,10,0.833333333,23924.91,32.72
"Berlin","GASTS",2022,3,"GASTS_2022_3",42,17,0,5,128.0422535,0.548387097,16,4,0.416666667,23924.91,32.72
"Berlin","GASTS",2022,4,"GASTS_2022_4",53.625,20,0,2,10.64179104,0.826086957,158,12,11.66666667,23924.91,32.72
"Berlin","GDB",2022,1,"GDB_2022_1",17.375,7,20,40,5.357142857,0.363636364,98,31,19.16666667,3843.48,29.59
"Berlin","GDB",2022,2,"GDB_2022_2",16.28571429,3,2,30,0.162790698,0.733333333,115,43,17.70833333,3843.48,29.59
"Berlin","GDB",2022,3,"GDB_2022_3",58.125,4,10,8,0.285714286,2.181818182,27,11,32.08333333,3843.48,29.59
"Berlin","GDB",2022,4,"GDB_2022_4",38.875,16,10,7,12.82142857,1.266666667,112,45,32.70833333,3843.48,29.59
"Munich","GG",2022,1,"GG_2022_1",4.625,1,0,20,0.8,0.333333333,111,23,41.45833333,400,60.24
"Munich","GG",2022,2,"GG_2022_2",6.75,2,0,10,0.565217391,0.666666667,32,6,85.625,400,60.24
"Munich","GG",2022,3,"GG_2022_3",22.375,2,0,4,4.666666667,0.25,15,6,58.95833333,400,60.24
"Munich","GG",2022,4,"GG_2022_4",29.625,4,0,4,3.555555556,0,12,4,92.5,400,60.24
"Munich","GP",2022,1,"GP_2022_1",28.125,9,0,19,3.5,1.363636364,201,27,25.20833333,787.57,55.53
"Munich","GP",2022,2,"GP_2022_2",59.5,13,0,18,5.413793103,1.068965517,10,3,1.875,787.57,55.53
"Munich","GP",2022,3,"GP_2022_3",88.75,13,0,9,5.8875,2.5625,39,6,20.83333333,787.57,55.53
"Munich","GP",2022,4,"GP_2022_4",111.75,18,0,10,13.69369369,1.894736842,29,3,12.91666667,787.57,55.53
"Munich","IGF",2022,1,"IGF_2022_1",25.25,6,5,20,1.597402597,0.916666667,157,34,16.25,851.22,67.13
"Munich","IGF",2022,2,"IGF_2022_2",46.625,9,0,25,7.941176471,1.114285714,22,5,17.5,851.22,67.13
"Munich","IGF",2022,3,"IGF_2022_3",109.375,18,0,10,14.63218391,1.80952381,22,7,19.375,851.22,67.13
"Munich","IGF",2022,4,"IGF_2022_4",90.25,19,7,4,4.868421053,0.666666667,28,8,42.70833333,851.22,67.13
"Berlin","KF",2022,1,"KF_2022_1",32.25,2,0,40,3.209302326,0.277777778,99,29,0,8738.35,23.85
"Berlin","KF",2022,2,"KF_2022_2",51.5,6,0,20,2.074626866,0.272727273,32,10,1.458333333,8738.35,23.85
"Berlin","KF",2022,3,"KF_2022_3",54.5,11,0,10,4.706896552,0.791666667,15,7,5.833333333,8738.35,23.85
"Berlin","KF",2022,4,"KF_2022_4",68.125,22,0,3,176.641791,0.448275862,117,36,6.666666667,8738.35,23.85
"Munich","KG",2022,1,"KG_2022_1",8.375,4,0,55,8.653061224,0.304347826,102,19,0,549.83,9.57
"Munich","KG",2022,2,"KG_2022_2",22,5,0,70,2.127659574,0.19047619,9,3,0.625,549.83,9.57
"Munich","KG",2022,3,"KG_2022_3",22.625,5,0,28,0.666666667,0.333333333,2,2,7.291666667,549.83,9.57
"Munich","KG",2022,4,"KG_2022_4",72.625,14,0,8,391.6212121,0.47826087,1,1,3.333333333,549.83,9.57
"Munich","KGP",2022,1,"KGP_2022_1",8.5,8,0,35,2.234042553,0.227272727,59,12,3.541666667,2608.83,53.37
"Munich","KGP",2022,2,"KGP_2022_2",17.5,9,0,40,10.1884058,0.16,3,3,2.916666667,2608.83,53.37
"Munich","KGP",2022,3,"KGP_2022_3",52.75,10,0,42,12.62,0.5625,26,2,6.458333333,2608.83,53.37
"Munich","KGP",2022,4,"KGP_2022_4",71.875,16,0,8,9.787878788,0.4,30,2,3.125,2608.83,53.37
"Berlin","KLG",2022,1,"KLG_2022_1",28,4,1,3,1.416666667,1,53,30,0,1560.61,96.16
"Berlin","KLG",2022,2,"KLG_2022_2",34.25,9,1,5,3.5,0.071428571,7,3,0,1560.61,96.16
"Berlin","KLG",2022,3,"KLG_2022_3",17.25,2,0,1,6.035714286,0.714285714,11,6,0,1560.61,96.16
"Berlin","KLG",2022,4,"KLG_2022_4",34.625,5,0,20,3.6,0.7,56,33,0.416666667,1560.61,96.16
"Munich","KP",2022,1,"KP_2022_1",14.375,2,0,3,0.171428571,0.076923077,190,28,13.54166667,2951.93,17.05
"Munich","KP",2022,2,"KP_2022_2",28,4,0,5,3.526315789,0,43,4,30.20833333,2951.93,17.05
"Munich","KP",2022,3,"KP_2022_3",68.75,4,0,12,2.727272727,0.214285714,68,5,26.66666667,2951.93,17.05
"Munich","KP",2022,4,"KP_2022_4",69.375,4,0,5,2.928571429,0.454545455,4,2,31.04166667,2951.93,17.05
"Berlin","MG",2022,1,"MG_2022_1",17.875,1,11,38,0.15,0.214285714,78,23,14.375,1946.23,63.6
"Berlin","MG",2022,2,"MG_2022_2",47.375,3,8,25,1.209302326,0.555555556,13,5,17.91666667,1946.23,63.6
"Berlin","MG",2022,3,"MG_2022_3",35.25,3,25,4,2.444444444,0.8125,22,6,22.5,1946.23,63.6
"Berlin","MG",2022,4,"MG_2022_4",70.5,13,20,3,24.65116279,0.19047619,5,3,14.58333333,1946.23,63.6
"Munich","OB",2022,1,"OB_2022_1",10.25,0,10,15,0,0.038461538,259,14,16.875,2853.64,36.75
"Munich","OB",2022,2,"OB_2022_2",36.75,3,0,12,0.722222222,0,93,3,21.25,2853.64,36.75
"Munich","OB",2022,3,"OB_2022_3",37.875,6,0,7,5.037037037,0.095238095,9,4,19.375,2853.64,36.75
"Munich","OBZ",2022,1,"OBZ_2022_1",19.75,7,1,22,2.728571429,1.166666667,339,28,22.29166667,800.55,37.2
"Munich","OBZ",2022,2,"OBZ_2022_2",52.125,11,0,7,66.84705882,1.388888889,26,8,23.75,800.55,37.2
"Munich","OBZ",2022,3,"OBZ_2022_3",72.875,15,0,10,42.30909091,0.739130435,26,5,26.875,800.55,37.2
"Munich","OBZ",2022,4,"OBZ_2022_4",96.125,15,1,4,4.287671233,0.40625,14,6,26.66666667,800.55,37.2
"Munich","OPI",2022,1,"OPI_2022_1",15.25,2,10,10,5.043478261,1.5,94,24,71.66666667,1027.96,44.43
"Munich","OPI",2022,2,"OPI_2022_2",35.875,10,0,5,5.026315789,0.5,13,3,83.125,1027.96,44.43
"Munich","OPI",2022,3,"OPI_2022_3",23.5,4,0,5,1.678571429,0.9,11,5,51.45833333,1027.96,44.43
"Munich","OPI",2022,4,"OPI_2022_4",42.875,6,0,3,11.53333333,0.357142857,3,3,80.625,1027.96,44.43
"Munich","PAS",2022,1,"PAS_2022_1",2.714285714,2,2,7,1.961538462,0,23,9,5.416666667,400,79.47
"Munich","PAS",2022,2,"PAS_2022_2",7.25,2,2,13,0.875,0,4,2,6.041666667,400,79.47
"Munich","PAS",2022,3,"PAS_2022_3",8.666666667,1,2,5,0.071428571,0.5,8,4,4.791666667,400,79.47
"Munich","PAS",2022,4,"PAS_2022_4",36.125,5,4,1,3.12,0.076923077,10,1,16.04166667,400,79.47
"Berlin","PGK",2022,1,"PGK_2022_1",25,5,0,25,0.911764706,0.076923077,92,40,33.95833333,1517,20.88
"Berlin","PGK",2022,2,"PGK_2022_2",69.5,4,0,25,2.536585366,0.352941176,10,4,28.125,1517,20.88
"Berlin","PGK",2022,3,"PGK_2022_3",93.125,6,0,15,7.133333333,0.526315789,16,8,52.5,1517,20.88
"Berlin","PGK",2022,4,"PGK_2022_4",93.5,16,0,4,5,0.8,137,51,50.41666667,1517,20.88
"Berlin","POL",2022,1,"POL_2022_1",13,10,0,10,2.166666667,0.590909091,124,37,0.625,3900.41,38.61
"Berlin","POL",2022,2,"POL_2022_2",43.625,7,0,4,2.419354839,0.538461538,129,41,17.5,3900.41,38.61
"Berlin","POL",2022,3,"POL_2022_3",68.75,11,0,2,31.44,0.608695652,7,4,28.125,3900.41,38.61
"Berlin","POL",2022,4,"POL_2022_4",92.375,21,0,2,329.0740741,0.382352941,151,45,22.70833333,3900.41,38.61
"Berlin","PWVK",2022,1,"PWVK_2022_1",20.875,3,1,30,2.410714286,0.764705882,119,27,35.83333333,1469.39,63.42
"Berlin","PWVK",2022,2,"PWVK_2022_2",45,7,0,26,3.338709677,0.357142857,18,3,26.66666667,1469.39,63.42
"Berlin","PWVK",2022,3,"PWVK_2022_3",46.125,2,10,6,1.48,0.789473684,23,3,48.54166667,1469.39,63.42
"Berlin","PWVK",2022,4,"PWVK_2022_4",115.375,13,7,7,7.761904762,1.5,105,35,46.25,1469.39,63.42
"Munich","SA",2022,1,"SA_2022_1",14.25,7,2,40,9.474358974,0.730769231,164,25,15.625,1203.02,49.49
"Munich","SA",2022,2,"SA_2022_2",42.125,19,0,18,9.043478261,0.315789474,17,8,10.625,1203.02,49.49
"Munich","SA",2022,3,"SA_2022_3",56,13,0,13,7.881355932,0.833333333,56,8,7.5,1203.02,49.49
"Munich","SA",2022,4,"SA_2022_4",99.125,23,0,7,535.8382353,0.956521739,41,6,9.166666667,1203.02,49.49
"Berlin","SCH",2022,1,"SCH_2022_1",16.75,4,15,40,1.566666667,0.583333333,143,35,46.875,432.72,24.45
"Berlin","SCH",2022,2,"SCH_2022_2",48.625,10,3,18,3.842857143,0.956521739,32,7,62.5,432.72,24.45
"Berlin","SCH",2022,3,"SCH_2022_3",39.28571429,1,15,15,0.1875,1,17,5,77.5,432.72,24.45
"Berlin","SCH",2022,4,"SCH_2022_4",49.25,6,5,10,133.7173913,0.526315789,141,40,73.54166667,432.72,24.45
"Berlin","SFM",2022,1,"SFM_2022_1",20.625,8,0,60,13.38235294,0.44,174,25,2.708333333,676.78,27.82
"Berlin","SFM",2022,2,"SFM_2022_2",28,3,0,20,1.371428571,0.538461538,199,34,20,676.78,27.82
"Berlin","SFM",2022,3,"SFM_2022_3",52.125,7,0,15,2.958333333,0.407407407,37,9,22.91666667,676.78,27.82
"Berlin","SFM",2022,4,"SFM_2022_4",70.375,18,2,6,11.72,0.703703704,206,41,14.16666667,676.78,27.82
"Munich","SG",2022,1,"SG_2022_1",15.57142857,5,1,15,4.206896552,0.56,182,33,2.5,946.47,63.95
"Munich","SG",2022,2,"SG_2022_2",48.25,13,0,15,12.45783133,1.24,30,6,9.583333333,946.47,63.95
"Munich","SG",2022,3,"SG_2022_3",70.625,13,0,6,36.47169811,2.142857143,38,7,18.125,946.47,63.95
"Munich","SG",2022,4,"SG_2022_4",119.875,13,2,4,189.6153846,0.416666667,28,5,37.91666667,946.47,63.95
"Munich","SS",2022,1,"SS_2022_1",14.375,7,0,30,4.363636364,0.7,228,30,0,1433.52,25.32
"Munich","SS",2022,2,"SS_2022_2",36.125,16,0,33,13.38372093,0.916666667,40,13,0,1433.52,25.32
"Munich","SS",2022,3,"SS_2022_3",36.125,5,0,30,1.962264151,0.842105263,29,7,0,1433.52,25.32
"Munich","SS",2022,4,"SS_2022_4",61.125,16,0,8,7.3625,0.459459459,28,5,0,1433.52,25.32
"Berlin","VG",2022,1,"VG_2022_1",17.125,2,1,5,9.151515152,0.727272727,70,39,0,1134.21,90.32
"Berlin","VG",2022,2,"VG_2022_2",4.75,1,3,6,0.25,0,18,6,0.833333333,1134.21,90.32
"Berlin","VG",2022,3,"VG_2022_3",27.375,5,1,3,55.625,1.555555556,1,1,7.708333333,1134.21,90.32
"Berlin","VG",2022,4,"VG_2022_4",8.125,1,1,1,5.666666667,0.25,71,43,10.83333333,1134.21,90.32
"Munich","WG",2022,1,"WG_2022_1",7,3,1,12,0.304347826,0.8,588,35,10.83333333,2916.21,70.68
"Munich","WG",2022,2,"WG_2022_2",5.75,3,0,10,5.1,9,12,3,4.791666667,2916.21,70.68
"Munich","WG",2022,3,"WG_2022_3",45,5,0,2,8.407407407,2.142857143,36,3,16.66666667,2916.21,70.68
"Munich","WG",2022,4,"WG_2022_4",13.5,1,0,3,0.25,0,54,5,3.125,2916.21,70.68
"Berlin","WL",2022,1,"WL_2022_1",23.5,7,5,10,3.759036145,0.419354839,163,42,31.04166667,1493.21,55.67
"Berlin","WL",2022,2,"WL_2022_2",55.14285714,6,0,4,2.982142857,0.608695652,60,8,63.54166667,1493.21,55.67
"Berlin","WL",2022,3,"WL_2022_3",75.75,3,3,5,6.949152542,1.095238095,27,5,51.04166667,1493.21,55.67
"Berlin","WL",2022,4,"WL_2022_4",75.25,15,2,10,302.8955224,0.210526316,167,50,68.33333333,1493.21,55.67
"Berlin","WS",2022,1,"WS_2022_1",18.75,14,4,55,5,0.52,169,40,7.916666667,6530.69,49.43
"Berlin","WS",2022,2,"WS_2022_2",41.25,11,3,35,23.24615385,0.483870968,157,48,7.5,6530.69,49.43
"Berlin","WS",2022,3,"WS_2022_3",52.25,8,6,25,5.195652174,0.9375,29,8,6.25,6530.69,49.43
"Berlin","WS",2022,4,"WS_2022_4",64.625,12,3,12,3.333333333,0.65,181,62,1.875,6530.69,49.43
"Berlin","ZKU",2022,1,"ZKU_2022_1",17.875,10,15,12,5.116883117,0.323529412,249,43,2.708333333,1237.59,83
"Berlin","ZKU",2022,2,"ZKU_2022_2",44,17,0,30,82.32291667,0.333333333,104,6,16.04166667,1237.59,83
"Berlin","ZKU",2022,3,"ZKU_2022_3",77.125,5,15,10,2.019230769,0.80952381,36,11,15.41666667,1237.59,83
"Berlin","ZKU",2022,4,"ZKU_2022_4",80.625,14,3,5,4.74137931,0.954545455,45,13,2.916666667,1237.59,83
